Date,Open,High,Low,Close,Volume
2015-01-06,10514.900391,10514.900391,10514.900391,10514.900391,0
2015-01-07,10627.099609,10627.099609,10627.099609,10627.099609,0
2015-01-08,10800.5,10800.5,10800.5,10800.5,0
2015-01-09,10711.400391,10711.400391,10711.400391,10711.400391,0
2015-01-12,10640.700195,10640.700195,10640.700195,10640.700195,0
2015-01-13,10623.0,10623.0,10623.0,10623.0,0
2015-01-16,10660.299805,10660.299805,10660.299805,10660.299805,0
2015-01-20,10658.599609,10658.599609,10658.599609,10658.599609,0
2015-01-21,10720.400391,10720.400391,10720.400391,10720.400391,0
2015-01-22,10859.299805,10859.299805,10859.299805,10859.299805,0
2015-01-23,10788.299805,10788.299805,10788.299805,10788.299805,0
2015-01-26,10847.200195,10847.200195,10847.200195,10847.200195,0
2015-01-27,10781.799805,10781.799805,10781.799805,10781.799805,0
2015-01-28,10603.900391,10603.900391,10603.900391,10603.900391,0
2015-01-29,10691.599609,10691.599609,10691.599609,10691.599609,0
2015-01-30,10537.200195,10537.200195,10537.200195,10537.200195,0
2015-02-02,10669.0,10669.0,10669.0,10669.0,0
2015-02-03,10847.400391,10847.400391,10847.400391,10847.400391,0
2015-02-04,10775.0,10775.0,10775.0,10775.0,0
2015-02-05,10896.099609,10896.099609,10896.099609,10896.099609,0
2015-02-06,10847.5,10847.5,10847.5,10847.5,0
2015-02-12,10995.299805,10995.299805,10995.299805,10995.299805,0
2015-02-13,11042.700195,11042.700195,11042.700195,11042.700195,0
2015-02-17,11054.5,11054.5,11054.5,11054.5,0
2015-02-19,11038.299805,11038.299805,11038.299805,11038.299805,0
2015-02-23,11074.599609,11074.599609,11074.599609,11074.599609,0
2015-02-24,11122.099609,11122.099609,11122.099609,11122.099609,0
2015-02-25,11117.900391,11117.900391,11117.900391,11117.900391,0
2015-02-26,11082.099609,11082.099609,11082.099609,11082.099609,0
2015-02-27,11062.799805,11062.799805,11062.799805,11062.799805,0
2015-03-02,11102.799805,11102.799805,11102.799805,11102.799805,0
2015-03-03,11051.200195,11051.200195,11051.200195,11051.200195,0
2015-03-05,11014.299805,11014.299805,11014.299805,11014.299805,0
2015-03-06,10842.200195,10842.200195,10842.200195,10842.200195,0
2015-04-02,10953.200195,10953.200195,10953.200195,10953.200195,0
2015-05-05,11049.299805,11049.299805,11049.299805,11049.299805,0
2015-05-08,11196.5,11196.5,11196.5,11196.5,0
2015-05-11,11140.700195,11140.700195,11140.700195,11140.700195,0
2015-05-13,11117.0,11117.0,11117.0,11117.0,0
2015-05-19,11213.099609,11213.099609,11213.099609,11213.099609,0
2015-05-20,11210.200195,11210.200195,11210.200195,11210.200195,0
2015-05-27,11143.299805,11143.299805,11143.299805,11143.299805,0
2015-06-01,11061.700195,11061.700195,11061.700195,11061.700195,0
2015-06-02,11080.900391,11080.900391,11080.900391,11080.900391,0
2015-06-09,10915.599609,10915.599609,10915.599609,10915.599609,0
2015-06-12,11009.900391,11009.900391,11009.900391,11009.900391,0
2015-06-15,10949.5,10949.5,10949.5,10949.5,0
2015-06-16,10997.700195,10997.700195,10997.700195,10997.700195,0
2015-06-17,11013.700195,11013.700195,11013.700195,11013.700195,0
2015-06-23,11149.400391,11149.400391,11149.400391,11149.400391,0
2015-06-29,10790.299805,10790.299805,10790.299805,10790.299805,0
2015-07-01,10859.0,10859.0,10859.0,10859.0,0
2015-07-06,10782.700195,10782.700195,10782.700195,10782.700195,0
2015-07-16,11024.900391,11024.900391,11024.900391,11024.900391,0
2015-07-22,10899.900391,10899.900391,10899.900391,10899.900391,0
2015-08-05,10847.799805,10847.799805,10847.799805,10847.799805,0
2015-08-06,10799.400391,10799.400391,10799.400391,10799.400391,0
2015-08-10,10906.0,10906.0,10906.0,10906.0,0
2015-08-25,9692.389648,9692.389648,9692.389648,9692.389648,0
2015-08-26,9979.669922,9979.669922,9979.669922,9979.669922,0
2015-08-27,10230.5,10230.5,10230.5,10230.5,0
2015-08-28,10242.099609,10242.099609,10242.099609,10242.099609,0
2015-08-31,10176.5,10176.5,10176.5,10176.5,0
2015-09-01,9874.669922,9874.669922,9874.669922,9874.669922,0
2015-09-02,10013.400391,10013.400391,10013.400391,10013.400391,0
2015-09-03,10049.299805,10049.299805,10049.299805,10049.299805,0
2015-09-04,9871.860352,9871.860352,9871.860352,9871.860352,0
2015-09-09,9988.910156,9988.910156,9988.910156,9988.910156,0
2015-09-11,10040.200195,10040.200195,10040.200195,10040.200195,0
2015-09-14,9988.589844,9988.589844,9988.589844,9988.589844,0
2015-09-15,10105.900391,10105.900391,10105.900391,10105.900391,0
2015-09-16,10236.700195,10236.700195,10236.700195,10236.700195,0
2015-09-17,10215.5,10215.5,10215.5,10215.5,0
2015-09-18,10031.599609,10031.599609,10031.599609,10031.599609,0
2015-09-21,10066.099609,10066.099609,10066.099609,10066.099609,0
2015-09-22,9912.599609,9912.599609,9912.599609,9912.599609,0
2015-09-23,9867.910156,9867.910156,9867.910156,9867.910156,0
2015-09-25,9857.25,9857.25,9857.25,9857.25,0
2015-09-28,9601.419922,9601.419922,9601.419922,9601.419922,0
2015-09-29,9622.070313,9622.070313,9622.070313,9622.070313,0
2015-10-01,9820.950195,9820.950195,9820.950195,9820.950195,0
2015-10-05,10167.900391,10167.900391,10167.900391,10167.900391,0
2015-10-06,10156.400391,10156.400391,10156.400391,10156.400391,0
2015-10-13,10262.900391,10262.900391,10262.900391,10262.900391,0
2015-10-21,10306.400391,10306.400391,10306.400391,10306.400391,0
2015-10-27,10400.200195,10400.200195,10400.200195,10400.200195,0
2015-10-28,10538.200195,10538.200195,10538.200195,10538.200195,0
2015-10-29,10498.200195,10498.200195,10498.200195,10498.200195,0
2015-11-02,10579.900391,10579.900391,10579.900391,10579.900391,0
2015-11-03,10609.900391,10609.900391,10609.900391,10609.900391,0
2015-11-05,10548.400391,10548.400391,10548.400391,10548.400391,0
2015-11-09,10415.200195,10415.200195,10415.200195,10415.200195,0
2015-11-16,10299.400391,10299.400391,10299.400391,10299.400391,0
2015-11-18,10429.599609,10429.599609,10429.599609,10429.599609,0
2015-11-19,10431.5,10431.5,10431.5,10431.5,0
2015-11-20,10444.200195,10444.200195,10444.200195,10444.200195,0
2015-11-23,10421.400391,10421.400391,10421.400391,10421.400391,0
2015-11-24,10449.700195,10449.700195,10449.700195,10449.700195,0
2015-11-25,10450.400391,10450.400391,10450.400391,10450.400391,0
2015-11-30,10409.599609,10409.599609,10409.599609,10409.599609,0
2015-12-02,10389.200195,10389.200195,10389.200195,10389.200195,0
2015-12-07,10304.5,10304.5,10304.5,10304.5,0
2015-12-24,10258.5,10258.5,10258.5,10258.5,0
2015-12-28,10217.400391,10217.400391,10217.400391,10217.400391,0
2015-12-29,10306.599609,10306.599609,10306.599609,10306.599609,0
2015-12-30,10225.799805,10225.799805,10225.799805,10225.799805,0
2015-12-31,10143.400391,10143.400391,10143.400391,10143.400391,0
2016-01-04,10001.599609,10001.599609,10001.599609,10001.599609,0
2016-01-05,10028.099609,10028.099609,10028.099609,10028.099609,0
2016-01-06,9868.259766,9868.259766,9868.259766,9868.259766,0
2016-01-07,9650.450195,9650.450195,9650.450195,9650.450195,0
2016-01-08,9528.769531,9528.769531,9528.769531,9528.769531,0
2016-01-11,9527.660156,9527.660156,9527.660156,9527.660156,0
2016-01-12,9576.519531,9576.519531,9576.519531,9576.519531,0
2016-01-13,9374.230469,9374.230469,9374.230469,9374.230469,0
2016-01-14,9516.549805,9516.549805,9516.549805,9516.549805,0
2016-01-15,9299.620117,9299.620117,9299.620117,9299.620117,0
2016-01-19,9301.740234,9301.740234,9301.740234,9301.740234,0
2016-01-20,9156.839844,9156.839844,9156.839844,9156.839844,0
2016-01-21,9226.570313,9226.570313,9226.570313,9226.570313,0
2016-01-22,9426.910156,9426.910156,9426.910156,9426.910156,0
2016-01-25,9262.990234,9262.990234,9262.990234,9262.990234,0
2016-01-26,9429.120117,9429.120117,9429.120117,9429.120117,0
2016-01-27,9373.780273,9373.780273,9373.780273,9373.780273,0
2016-01-28,9397.790039,9397.790039,9397.790039,9397.790039,0
2016-01-29,9632.700195,9632.700195,9632.700195,9632.700195,0
2016-02-01,9616.69043,9616.69043,9616.69043,9616.69043,0
2016-02-02,9413.780273,9413.780273,9413.780273,9413.780273,0
2016-02-03,9495.209961,9495.209961,9495.209961,9495.209961,0
2016-02-04,9534.299805,9534.299805,9534.299805,9534.299805,0
2016-02-05,9390.330078,9390.330078,9390.330078,9390.330078,0
2016-02-08,9231.330078,9231.330078,9231.330078,9231.330078,0
2016-02-09,9187.790039,9187.790039,9187.790039,9187.790039,0
2016-02-10,9176.719727,9176.719727,9176.719727,9176.719727,0
2016-02-11,9029.879883,9029.879883,9029.879883,9029.879883,0
2016-02-12,9229.679688,9229.679688,9229.679688,9229.679688,0
2016-02-16,9375.389648,9375.389648,9375.389648,9375.389648,0
2016-02-17,9532.280273,9532.280273,9532.280273,9532.280273,0
2016-02-18,9504.980469,9504.980469,9504.980469,9504.980469,0
2016-02-19,9485.969727,9485.969727,9485.969727,9485.969727,0
2016-02-22,9616.320313,9616.320313,9616.320313,9616.320313,0
2016-02-23,9494.320313,9494.320313,9494.320313,9494.320313,0
2016-02-24,9506.070313,9506.070313,9506.070313,9506.070313,0
2016-02-25,9625.269531,9625.269531,9625.269531,9625.269531,0
2016-02-26,9619.790039,9619.790039,9619.790039,9619.790039,0
2016-02-29,9559.530273,9559.530273,9559.530273,9559.530273,0
2016-03-01,9771.0,9771.0,9771.0,9771.0,0
2016-03-02,9837.589844,9837.589844,9837.589844,9837.589844,0
2016-03-03,9907.969727,9907.969727,9907.969727,9907.969727,0
2016-03-04,9968.410156,9968.410156,9968.410156,9968.410156,0
2016-03-07,10006.200195,10006.200195,10006.200195,10006.200195,0
2016-03-08,9868.519531,9868.519531,9868.519531,9868.519531,0
2016-03-09,9924.80957,9924.80957,9924.80957,9924.80957,0
2016-03-10,9918.070313,9918.070313,9918.070313,9918.070313,0
2016-03-11,10104.200195,10104.200195,10104.200195,10104.200195,0
2016-03-14,10074.299805,10074.299805,10074.299805,10074.299805,0
2016-03-15,10013.599609,10013.599609,10013.599609,10013.599609,0
2016-03-16,10084.200195,10084.200195,10084.200195,10084.200195,0
2016-03-17,10190.400391,10190.400391,10190.400391,10190.400391,0
2016-03-18,10223.400391,10223.400391,10223.400391,10223.400391,0
2016-03-21,10219.700195,10219.700195,10219.700195,10219.700195,0
2016-03-22,10194.200195,10194.200195,10194.200195,10194.200195,0
2016-03-23,10099.700195,10099.700195,10099.700195,10099.700195,0
2016-03-24,10086.599609,10086.599609,10086.599609,10086.599609,0
2016-03-28,10106.400391,10106.400391,10106.400391,10106.400391,0
2016-03-29,10190.400391,10190.400391,10190.400391,10190.400391,0
2016-03-30,10237.0,10237.0,10237.0,10237.0,0
2016-03-31,10207.400391,10207.400391,10207.400391,10207.400391,0
2016-04-01,10220.0,10220.0,10220.0,10220.0,0
2016-04-04,10183.0,10183.0,10183.0,10183.0,0
2016-04-05,10061.099609,10061.099609,10061.099609,10061.099609,0
2016-04-06,10159.799805,10159.799805,10159.799805,10159.799805,0
2016-04-07,10045.200195,10045.200195,10045.200195,10045.200195,0
2016-04-08,10119.700195,10119.700195,10119.700195,10119.700195,0
2016-04-11,10114.599609,10114.599609,10114.599609,10114.599609,0
2016-04-12,10238.700195,10238.700195,10238.700195,10238.700195,0
2016-04-13,10359.5,10359.5,10359.5,10359.5,0
2016-04-14,10360.200195,10360.200195,10360.200195,10360.200195,0
2016-04-15,10355.599609,10355.599609,10355.599609,10355.599609,0
2016-04-18,10424.900391,10424.900391,10424.900391,10424.900391,0
2016-04-19,10517.299805,10517.299805,10517.299805,10517.299805,0
2016-04-20,10527.799805,10527.799805,10527.799805,10527.799805,0
2016-04-21,10454.799805,10454.799805,10454.799805,10454.799805,0
2016-04-22,10511.0,10511.0,10511.0,10511.0,0
2016-04-25,10465.599609,10465.599609,10465.599609,10465.599609,0
2016-04-26,10522.599609,10522.599609,10522.599609,10522.599609,0
2016-04-27,10571.799805,10571.799805,10571.799805,10571.799805,0
2016-04-28,10480.5,10480.5,10480.5,10480.5,0
2016-04-29,10436.900391,10436.900391,10436.900391,10436.900391,0
2016-05-02,10496.299805,10496.299805,10496.299805,10496.299805,0
2016-05-03,10365.799805,10365.799805,10365.799805,10365.799805,0
2016-05-04,10286.200195,10286.200195,10286.200195,10286.200195,0
2016-05-05,10281.299805,10281.299805,10281.299805,10281.299805,0
2016-05-06,10308.799805,10308.799805,10308.799805,10308.799805,0
2016-05-09,10291.599609,10291.599609,10291.599609,10291.599609,0
2016-05-10,10424.099609,10424.099609,10424.099609,10424.099609,0
2016-05-11,10332.200195,10332.200195,10332.200195,10332.200195,0
2016-05-12,10334.400391,10334.400391,10334.400391,10334.400391,0
2016-05-13,10228.099609,10228.099609,10228.099609,10228.099609,0
2016-05-16,10332.5,10332.5,10332.5,10332.5,0
2016-05-17,10257.599609,10257.599609,10257.599609,10257.599609,0
2016-05-18,10239.599609,10239.599609,10239.599609,10239.599609,0
2016-05-19,10192.5,10192.5,10192.5,10192.5,0
2016-05-20,10250.5,10250.5,10250.5,10250.5,0
2016-05-23,10226.599609,10226.599609,10226.599609,10226.599609,0
2016-05-24,10353.599609,10353.599609,10353.599609,10353.599609,0
2016-05-25,10446.599609,10446.599609,10446.599609,10446.599609,0
2016-05-26,10439.599609,10439.599609,10439.599609,10439.599609,0
2016-05-27,10469.5,10469.5,10469.5,10469.5,0
2016-05-31,10441.0,10441.0,10441.0,10441.0,0
2016-06-01,10454.900391,10454.900391,10454.900391,10454.900391,0
2016-06-02,10487.599609,10487.599609,10487.599609,10487.599609,0
2016-06-03,10487.900391,10487.900391,10487.900391,10487.900391,0
2016-06-06,10554.799805,10554.799805,10554.799805,10554.799805,0
2016-06-07,10599.200195,10599.200195,10599.200195,10599.200195,0
2016-06-08,10638.400391,10638.400391,10638.400391,10638.400391,0
2016-06-09,10589.799805,10589.799805,10589.799805,10589.799805,0
2016-06-10,10446.099609,10446.099609,10446.099609,10446.099609,0
2016-06-13,10349.200195,10349.200195,10349.200195,10349.200195,0
2016-06-14,10294.599609,10294.599609,10294.599609,10294.599609,0
2016-06-15,10297.200195,10297.200195,10297.200195,10297.200195,0
2016-06-16,10322.799805,10322.799805,10322.799805,10322.799805,0
2016-06-17,10347.900391,10347.900391,10347.900391,10347.900391,0
2016-06-20,10450.0,10450.0,10450.0,10450.0,0
2016-06-21,10490.799805,10490.799805,10490.799805,10490.799805,0
2016-06-22,10473.099609,10473.099609,10473.099609,10473.099609,0
2016-06-23,10641.200195,10641.200195,10641.200195,10641.200195,0
2016-06-24,10183.5,10183.5,10183.5,10183.5,0
2016-06-27,9973.540039,9973.540039,9973.540039,9973.540039,0
2016-06-28,10161.200195,10161.200195,10161.200195,10161.200195,0
2016-06-29,10350.5,10350.5,10350.5,10350.5,0
2016-06-30,10489.799805,10489.799805,10489.799805,10489.799805,0
2016-07-01,10515.799805,10515.799805,10515.799805,10515.799805,0
2016-07-05,10409.5,10409.5,10409.5,10409.5,0
2016-07-06,10441.599609,10441.599609,10441.599609,10441.599609,0
2016-07-07,10414.0,10414.0,10414.0,10414.0,0
2016-07-08,10571.799805,10571.799805,10571.799805,10571.799805,0
2016-07-11,10627.200195,10627.200195,10627.200195,10627.200195,0
2016-07-12,10726.799805,10726.799805,10726.799805,10726.799805,0
2016-07-13,10734.200195,10734.200195,10734.200195,10734.200195,0
2016-07-14,10786.599609,10786.599609,10786.599609,10786.599609,0
2016-07-15,10773.099609,10773.099609,10773.099609,10773.099609,0
2016-07-18,10793.200195,10793.200195,10793.200195,10793.200195,0
2016-07-19,10758.5,10758.5,10758.5,10758.5,0
2016-07-20,10793.099609,10793.099609,10793.099609,10793.099609,0
2016-07-21,10758.599609,10758.599609,10758.599609,10758.599609,0
2016-07-22,10805.0,10805.0,10805.0,10805.0,0
2016-07-25,10752.400391,10752.400391,10752.400391,10752.400391,0
2016-07-26,10773.0,10773.0,10773.0,10773.0,0
2016-07-27,10739.799805,10739.799805,10739.799805,10739.799805,0
2016-07-28,10744.200195,10744.200195,10744.200195,10744.200195,0
2016-07-29,10785.5,10785.5,10785.5,10785.5,0
2016-08-01,10730.200195,10730.200195,10730.200195,10730.200195,0
2016-08-02,10661.099609,10661.099609,10661.099609,10661.099609,0
2016-08-03,10695.099609,10695.099609,10695.099609,10695.099609,0
2016-08-04,10707.099609,10707.099609,10707.099609,10707.099609,0
2016-08-05,10782.900391,10782.900391,10782.900391,10782.900391,0
2016-08-08,10788.0,10788.0,10788.0,10788.0,0
2016-08-09,10804.5,10804.5,10804.5,10804.5,0
2016-08-10,10775.0,10775.0,10775.0,10775.0,0
2016-08-11,10836.099609,10836.099609,10836.099609,10836.099609,0
2016-08-12,10822.400391,10822.400391,10822.400391,10822.400391,0
2016-08-15,10858.5,10858.5,10858.5,10858.5,0
2016-08-16,10809.700195,10809.700195,10809.700195,10809.700195,0
2016-08-17,10824.599609,10824.599609,10824.599609,10824.599609,0
2016-08-18,10863.0,10863.0,10863.0,10863.0,0
2016-08-19,10829.200195,10829.200195,10829.200195,10829.200195,0
2016-08-22,10815.900391,10815.900391,10815.900391,10815.900391,0
2016-08-23,10847.5,10847.5,10847.5,10847.5,0
2016-08-24,10791.200195,10791.200195,10791.200195,10791.200195,0
2016-08-25,10784.400391,10784.400391,10784.400391,10784.400391,0
2016-08-26,10749.299805,10749.299805,10749.299805,10749.299805,0
2016-08-29,10811.299805,10811.299805,10811.299805,10811.299805,0
2016-08-30,10797.5,10797.5,10797.5,10797.5,0
2016-08-31,10764.700195,10764.700195,10764.700195,10764.700195,0
2016-09-01,10771.900391,10771.900391,10771.900391,10771.900391,0
2016-09-02,10856.900391,10856.900391,10856.900391,10856.900391,0
2016-09-06,10890.799805,10890.799805,10890.799805,10890.799805,0
2016-09-07,10890.200195,10890.200195,10890.200195,10890.200195,0
2016-09-08,10882.299805,10882.299805,10882.299805,10882.299805,0
2016-09-09,10613.5,10613.5,10613.5,10613.5,0
2016-09-12,10741.200195,10741.200195,10741.200195,10741.200195,0
2016-09-13,10535.400391,10535.400391,10535.400391,10535.400391,0
2016-09-14,10511.400391,10511.400391,10511.400391,10511.400391,0
2016-09-15,10602.900391,10602.900391,10602.900391,10602.900391,0
2016-09-16,10532.299805,10532.299805,10532.299805,10532.299805,0
2016-09-19,10564.299805,10564.299805,10564.299805,10564.299805,0
2016-09-20,10560.299805,10560.299805,10560.299805,10560.299805,0
2016-09-21,10708.400391,10708.400391,10708.400391,10708.400391,0
2016-09-22,10793.700195,10793.700195,10793.700195,10793.700195,0
2016-09-23,10718.0,10718.0,10718.0,10718.0,0
2016-09-26,10624.900391,10624.900391,10624.900391,10624.900391,0
2016-09-27,10665.299805,10665.299805,10665.299805,10665.299805,0
2016-09-28,10753.400391,10753.400391,10753.400391,10753.400391,0
2016-09-29,10643.5,10643.5,10643.5,10643.5,0
2016-09-30,10721.700195,10721.700195,10721.700195,10721.700195,0
2016-10-03,10690.799805,10690.799805,10690.799805,10690.799805,0
2016-10-04,10629.200195,10629.200195,10629.200195,10629.200195,0
2016-10-05,10683.900391,10683.900391,10683.900391,10683.900391,0
2016-10-06,10675.700195,10675.700195,10675.700195,10675.700195,0
2016-10-07,10626.900391,10626.900391,10626.900391,10626.900391,0
2016-10-10,10682.700195,10682.700195,10682.700195,10682.700195,0
2016-10-11,10548.0,10548.0,10548.0,10548.0,0
2016-10-12,10560.299805,10560.299805,10560.299805,10560.299805,0
2016-10-13,10522.900391,10522.900391,10522.900391,10522.900391,0
2016-10-14,10521.299805,10521.299805,10521.299805,10521.299805,0
2016-10-17,10492.900391,10492.900391,10492.900391,10492.900391,0
2016-10-18,10567.799805,10567.799805,10567.799805,10567.799805,0
2016-10-19,10600.900391,10600.900391,10600.900391,10600.900391,0
2016-10-20,10597.400391,10597.400391,10597.400391,10597.400391,0
2016-10-21,10571.900391,10571.900391,10571.900391,10571.900391,0
2016-10-24,10591.299805,10591.299805,10591.299805,10591.299805,0
2016-10-25,10550.200195,10550.200195,10550.200195,10550.200195,0
2016-10-26,10528.200195,10528.200195,10528.200195,10528.200195,0
2016-10-27,10503.099609,10503.099609,10503.099609,10503.099609,0
2016-10-28,10476.599609,10476.599609,10476.599609,10476.599609,0
2016-10-31,10481.900391,10481.900391,10481.900391,10481.900391,0
2016-11-01,10414.099609,10414.099609,10414.099609,10414.099609,0
2016-11-02,10334.5,10334.5,10334.5,10334.5,0
2016-11-03,10307.599609,10307.599609,10307.599609,10307.599609,0
2016-11-04,10289.299805,10289.299805,10289.299805,10289.299805,0
2016-11-07,10500.200195,10500.200195,10500.200195,10500.200195,0
2016-11-08,10530.599609,10530.599609,10530.599609,10530.599609,0
2016-11-09,10643.400391,10643.400391,10643.400391,10643.400391,0
2016-11-10,10683.400391,10683.400391,10683.400391,10683.400391,0
2016-11-11,10652.200195,10652.200195,10652.200195,10652.200195,0
2016-11-14,10679.799805,10679.799805,10679.799805,10679.799805,0
2016-11-15,10745.5,10745.5,10745.5,10745.5,0
2016-11-16,10699.400391,10699.400391,10699.400391,10699.400391,0
2016-11-17,10740.099609,10740.099609,10740.099609,10740.099609,0
2016-11-18,10709.5,10709.5,10709.5,10709.5,0
2016-11-21,10791.799805,10791.799805,10791.799805,10791.799805,0
2016-11-22,10820.200195,10820.200195,10820.200195,10820.200195,0
2016-11-23,10835.900391,10835.900391,10835.900391,10835.900391,0
2016-11-25,10878.099609,10878.099609,10878.099609,10878.099609,0
2016-11-28,10808.599609,10808.599609,10808.599609,10808.599609,0
2016-11-29,10817.700195,10817.700195,10817.700195,10817.700195,0
2016-11-30,10838.5,10838.5,10838.5,10838.5,0
2016-12-01,10829.0,10829.0,10829.0,10829.0,0
2016-12-02,10838.599609,10838.599609,10838.599609,10838.599609,0
2016-12-05,10910.900391,10910.900391,10910.900391,10910.900391,0
2016-12-06,10970.799805,10970.799805,10970.799805,10970.799805,0
2016-12-07,11114.599609,11114.599609,11114.599609,11114.599609,0
2016-12-08,11150.0,11150.0,11150.0,11150.0,0
2016-12-09,11191.799805,11191.799805,11191.799805,11191.799805,0
2016-12-12,11177.299805,11177.299805,11177.299805,11177.299805,0
2016-12-13,11237.200195,11237.200195,11237.200195,11237.200195,0
2016-12-14,11098.700195,11098.700195,11098.700195,11098.700195,0
2016-12-15,11131.900391,11131.900391,11131.900391,11131.900391,0
2016-12-16,11125.200195,11125.200195,11125.200195,11125.200195,0
2016-12-19,11128.5,11128.5,11128.5,11128.5,0
2016-12-20,11172.200195,11172.200195,11172.200195,11172.200195,0
2016-12-21,11142.599609,11142.599609,11142.599609,11142.599609,0
2016-12-22,11114.099609,11114.099609,11114.099609,11114.099609,0
2016-12-23,11128.799805,11128.799805,11128.799805,11128.799805,0
2016-12-27,11146.400391,11146.400391,11146.400391,11146.400391,0
2016-12-28,11058.900391,11058.900391,11058.900391,11058.900391,0
2016-12-29,11074.299805,11074.299805,11074.299805,11074.299805,0
2016-12-30,11056.900391,11056.900391,11056.900391,11056.900391,0
2017-01-03,11154.299805,11154.299805,11154.299805,11154.299805,0
2017-01-04,11246.5,11246.5,11246.5,11246.5,0
2017-01-05,11247.700195,11247.700195,11247.700195,11247.700195,0
2017-01-06,11237.599609,11237.599609,11237.599609,11237.599609,0
2017-01-09,11169.799805,11169.799805,11169.799805,11169.799805,0
2017-01-10,11183.299805,11183.299805,11183.299805,11183.299805,0
2017-01-11,11226.799805,11226.799805,11226.799805,11226.799805,0
2017-01-12,11204.099609,11204.099609,11204.099609,11204.099609,0
2017-01-13,11227.200195,11227.200195,11227.200195,11227.200195,0
2017-01-17,11196.299805,11196.299805,11196.299805,11196.299805,0
2017-01-18,11196.099609,11196.099609,11196.099609,11196.099609,0
2017-01-19,11148.799805,11148.799805,11148.799805,11148.799805,0
2017-01-20,11192.799805,11192.799805,11192.799805,11192.799805,0
2017-01-23,11170.599609,11170.599609,11170.599609,11170.599609,0
2017-01-24,11249.299805,11249.299805,11249.299805,11249.299805,0
2017-01-25,11339.0,11339.0,11339.0,11339.0,0
2017-01-26,11313.099609,11313.099609,11313.099609,11313.099609,0
2017-01-27,11283.200195,11283.200195,11283.200195,11283.200195,0
2017-01-30,11205.200195,11205.200195,11205.200195,11205.200195,0
2017-01-31,11223.0,11223.0,11223.0,11223.0,0
2017-02-01,11207.200195,11207.200195,11207.200195,11207.200195,0
2017-02-02,11215.400391,11215.400391,11215.400391,11215.400391,0
2017-02-03,11310.700195,11310.700195,11310.700195,11310.700195,0
2017-02-06,11247.799805,11247.799805,11247.799805,11247.799805,0
2017-02-07,11243.400391,11243.400391,11243.400391,11243.400391,0
2017-02-08,11251.799805,11251.799805,11251.799805,11251.799805,0
2017-02-09,11327.700195,11327.700195,11327.700195,11327.700195,0
2017-02-10,11377.700195,11377.700195,11377.700195,11377.700195,0
2017-02-13,11433.900391,11433.900391,11433.900391,11433.900391,0
2017-02-14,11468.900391,11468.900391,11468.900391,11468.900391,0
2017-02-15,11514.400391,11514.400391,11514.400391,11514.400391,0
2017-02-16,11504.200195,11504.200195,11504.200195,11504.200195,0
2017-02-17,11510.900391,11510.900391,11510.900391,11510.900391,0
2017-02-21,11578.200195,11578.200195,11578.200195,11578.200195,0
2017-02-22,11550.200195,11550.200195,11550.200195,11550.200195,0
2017-02-23,11556.200195,11556.200195,11556.200195,11556.200195,0
2017-02-24,11541.299805,11541.299805,11541.299805,11541.299805,0
2017-02-27,11558.299805,11558.299805,11558.299805,11558.299805,0
2017-02-28,11512.400391,11512.400391,11512.400391,11512.400391,0
2017-03-01,11661.200195,11661.200195,11661.200195,11661.200195,0
2017-03-02,11575.900391,11575.900391,11575.900391,11575.900391,0
2017-03-03,11598.400391,11598.400391,11598.400391,11598.400391,0
2017-03-06,11547.799805,11547.799805,11547.799805,11547.799805,0
2017-03-07,11506.299805,11506.299805,11506.299805,11506.299805,0
2017-03-08,11448.200195,11448.200195,11448.200195,11448.200195,0
2017-03-09,11457.599609,11457.599609,11457.599609,11457.599609,0
2017-03-10,11500.799805,11500.799805,11500.799805,11500.799805,0
2017-03-13,11519.400391,11519.400391,11519.400391,11519.400391,0
2017-03-14,11459.299805,11459.299805,11459.299805,11459.299805,0
2017-03-15,11590.299805,11590.299805,11590.299805,11590.299805,0
2017-03-16,11600.200195,11600.200195,11600.200195,11600.200195,0
2017-03-17,11589.0,11589.0,11589.0,11589.0,0
2017-03-20,11556.900391,11556.900391,11556.900391,11556.900391,0
2017-03-21,11420.400391,11420.400391,11420.400391,11420.400391,0
2017-03-22,11426.700195,11426.700195,11426.700195,11426.700195,0
2017-03-23,11430.900391,11430.900391,11430.900391,11430.900391,0
2017-03-24,11418.900391,11418.900391,11418.900391,11418.900391,0
2017-03-27,11414.299805,11414.299805,11414.299805,11414.299805,0
2017-03-28,11493.799805,11493.799805,11493.799805,11493.799805,0
2017-03-29,11496.700195,11496.700195,11496.700195,11496.700195,0
2017-03-30,11519.799805,11519.799805,11519.799805,11519.799805,0
2017-03-31,11492.799805,11492.799805,11492.799805,11492.799805,0
2017-04-03,11463.900391,11463.900391,11463.900391,11463.900391,0
2017-04-04,11470.5,11470.5,11470.5,11470.5,0
2017-04-05,11423.400391,11423.400391,11423.400391,11423.400391,0
2017-04-06,11457.299805,11457.299805,11457.299805,11457.299805,0
2017-04-07,11445.599609,11445.599609,11445.599609,11445.599609,0
2017-04-10,11464.299805,11464.299805,11464.299805,11464.299805,0
2017-04-11,11473.599609,11473.599609,11473.599609,11473.599609,0
2017-04-12,11423.200195,11423.200195,11423.200195,11423.200195,0
2017-04-13,11324.5,11324.5,11324.5,11324.5,0
2017-04-17,11427.099609,11427.099609,11427.099609,11427.099609,0
2017-04-18,11378.599609,11378.599609,11378.599609,11378.599609,0
2017-04-19,11342.400391,11342.400391,11342.400391,11342.400391,0
2017-04-20,11426.900391,11426.900391,11426.900391,11426.900391,0
2017-04-21,11389.099609,11389.099609,11389.099609,11389.099609,0
2017-04-24,11531.799805,11531.799805,11531.799805,11531.799805,0
2017-04-25,11603.299805,11603.299805,11603.299805,11603.299805,0
2017-04-26,11592.900391,11592.900391,11592.900391,11592.900391,0
2017-04-27,11578.5,11578.5,11578.5,11578.5,0
2017-04-28,11536.099609,11536.099609,11536.099609,11536.099609,0
2017-05-01,11536.5,11536.5,11536.5,11536.5,0
2017-05-02,11551.299805,11551.299805,11551.299805,11551.299805,0
2017-05-03,11529.700195,11529.700195,11529.700195,11529.700195,0
2017-05-04,11534.700195,11534.700195,11534.700195,11534.700195,0
2017-05-05,11615.599609,11615.599609,11615.599609,11615.599609,0
2017-05-08,11595.299805,11595.299805,11595.299805,11595.299805,0
2017-05-09,11567.5,11567.5,11567.5,11567.5,0
2017-05-10,11599.0,11599.0,11599.0,11599.0,0
2017-05-11,11563.599609,11563.599609,11563.599609,11563.599609,0
2017-05-12,11547.099609,11547.099609,11547.099609,11547.099609,0
2017-05-15,11614.200195,11614.200195,11614.200195,11614.200195,0
2017-05-16,11606.5,11606.5,11606.5,11606.5,0
2017-05-17,11423.5,11423.5,11423.5,11423.5,0
2017-05-18,11434.099609,11434.099609,11434.099609,11434.099609,0
2017-05-19,11542.700195,11542.700195,11542.700195,11542.700195,0
2017-05-22,11585.200195,11585.200195,11585.200195,11585.200195,0
2017-05-23,11604.599609,11604.599609,11604.599609,11604.599609,0
2017-05-24,11621.200195,11621.200195,11621.200195,11621.200195,0
2017-05-25,11639.299805,11639.299805,11639.299805,11639.299805,0
2017-05-26,11631.900391,11631.900391,11631.900391,11631.900391,0
2017-05-30,11601.299805,11601.299805,11601.299805,11601.299805,0
2017-05-31,11598.0,11598.0,11598.0,11598.0,0
2017-06-01,11699.799805,11699.799805,11699.799805,11699.799805,0
2017-06-02,11718.700195,11718.700195,11718.700195,11718.700195,0
2017-06-05,11693.700195,11693.700195,11693.700195,11693.700195,0
2017-06-06,11671.5,11671.5,11671.5,11671.5,0
2017-06-07,11667.700195,11667.700195,11667.700195,11667.700195,0
2017-06-08,11679.0,11679.0,11679.0,11679.0,0
2017-06-09,11744.700195,11744.700195,11744.700195,11744.700195,0
2017-06-12,11746.5,11746.5,11746.5,11746.5,0
2017-06-13,11796.799805,11796.799805,11796.799805,11796.799805,0
2017-06-14,11779.799805,11779.799805,11779.799805,11779.799805,0
2017-06-15,11740.5,11740.5,11740.5,11740.5,0
2017-06-16,11772.0,11772.0,11772.0,11772.0,0
2017-06-19,11833.299805,11833.299805,11833.299805,11833.299805,0
2017-06-20,11739.0,11739.0,11739.0,11739.0,0
2017-06-21,11696.299805,11696.299805,11696.299805,11696.299805,0
2017-06-22,11712.5,11712.5,11712.5,11712.5,0
2017-06-23,11733.200195,11733.200195,11733.200195,11733.200195,0
2017-06-26,11758.900391,11758.900391,11758.900391,11758.900391,0
2017-06-27,11716.900391,11716.900391,11716.900391,11716.900391,0
2017-06-28,11812.799805,11812.799805,11812.799805,11812.799805,0
2017-06-29,11740.0,11740.0,11740.0,11740.0,0
2017-06-30,11761.700195,11761.700195,11761.700195,11761.700195,0
2017-07-03,11835.700195,11835.700195,11835.700195,11835.700195,0
2017-07-05,11809.5,11809.5,11809.5,11809.5,0
2017-07-06,11702.400391,11702.400391,11702.400391,11702.400391,0
2017-07-07,11753.0,11753.0,11753.0,11753.0,0
2017-07-10,11751.799805,11751.799805,11751.799805,11751.799805,0
2017-07-11,11744.799805,11744.799805,11744.799805,11744.799805,0
2017-07-12,11825.900391,11825.900391,11825.900391,11825.900391,0
2017-07-13,11844.599609,11844.599609,11844.599609,11844.599609,0
2017-07-14,11897.299805,11897.299805,11897.299805,11897.299805,0
2017-07-17,11890.5,11890.5,11890.5,11890.5,0
2017-07-18,11877.400391,11877.400391,11877.400391,11877.400391,0
2017-07-19,11941.299805,11941.299805,11941.299805,11941.299805,0
2017-07-20,11944.5,11944.5,11944.5,11944.5,0
2017-07-21,11924.599609,11924.599609,11924.599609,11924.599609,0
2017-07-24,11904.700195,11904.700195,11904.700195,11904.700195,0
2017-07-25,11965.700195,11965.700195,11965.700195,11965.700195,0
2017-07-26,11964.900391,11964.900391,11964.900391,11964.900391,0
2017-07-27,11963.200195,11963.200195,11963.200195,11963.200195,0
2017-07-28,11954.700195,11954.700195,11954.700195,11954.700195,0
2017-07-31,11967.700195,11967.700195,11967.700195,11967.700195,0
2017-08-01,12000.0,12000.0,12000.0,12000.0,0
2017-08-02,11979.400391,11979.400391,11979.400391,11979.400391,0
2017-08-03,11956.5,11956.5,11956.5,11956.5,0
2017-08-04,11984.900391,11984.900391,11984.900391,11984.900391,0
2017-08-07,11987.799805,11987.799805,11987.799805,11987.799805,0
2017-08-08,11950.0,11950.0,11950.0,11950.0,0
2017-08-09,11929.5,11929.5,11929.5,11929.5,0
2017-08-10,11771.599609,11771.599609,11771.599609,11771.599609,0
2017-08-11,11763.200195,11763.200195,11763.200195,11763.200195,0
2017-08-14,11856.099609,11856.099609,11856.099609,11856.099609,0
2017-08-15,11843.5,11843.5,11843.5,11843.5,0
2017-08-16,11868.799805,11868.799805,11868.799805,11868.799805,0
2017-08-17,11712.700195,11712.700195,11712.700195,11712.700195,0
2017-08-18,11699.799805,11699.799805,11699.799805,11699.799805,0
2017-08-21,11719.299805,11719.299805,11719.299805,11719.299805,0
2017-08-22,11805.299805,11805.299805,11805.299805,11805.299805,0
2017-08-23,11785.900391,11785.900391,11785.900391,11785.900391,0
2017-08-24,11773.799805,11773.799805,11773.799805,11773.799805,0
2017-08-25,11812.0,11812.0,11812.0,11812.0,0
2017-08-28,11800.200195,11800.200195,11800.200195,11800.200195,0
2017-08-29,11791.900391,11791.900391,11791.900391,11791.900391,0
2017-08-30,11805.099609,11805.099609,11805.099609,11805.099609,0
2017-08-31,11875.700195,11875.700195,11875.700195,11875.700195,0
2017-09-01,11918.099609,11918.099609,11918.099609,11918.099609,0
2017-09-05,11827.200195,11827.200195,11827.200195,11827.200195,0
2017-09-06,11872.900391,11872.900391,11872.900391,11872.900391,0
2017-09-07,11879.599609,11879.599609,11879.599609,11879.599609,0
2017-09-08,11888.0,11888.0,11888.0,11888.0,0
2017-09-11,12010.299805,12010.299805,12010.299805,12010.299805,0
2017-09-12,12057.099609,12057.099609,12057.099609,12057.099609,0
2017-09-13,12055.200195,12055.200195,12055.200195,12055.200195,0
2017-09-14,12062.599609,12062.599609,12062.599609,12062.599609,0
2017-09-15,12080.099609,12080.099609,12080.099609,12080.099609,0
2017-09-18,12111.5,12111.5,12111.5,12111.5,0
2017-09-19,12131.700195,12131.700195,12131.700195,12131.700195,0
2017-09-20,12147.5,12147.5,12147.5,12147.5,0
2017-09-21,12133.599609,12133.599609,12133.599609,12133.599609,0
2017-09-22,12151.799805,12151.799805,12151.799805,12151.799805,0
2017-09-25,12141.599609,12141.599609,12141.599609,12141.599609,0
2017-09-26,12127.900391,12127.900391,12127.900391,12127.900391,0
2017-09-27,12157.700195,12157.700195,12157.700195,12157.700195,0
2017-09-28,12179.299805,12179.299805,12179.299805,12179.299805,0
2017-09-29,12209.200195,12209.200195,12209.200195,12209.200195,0
2017-10-02,12264.700195,12264.700195,12264.700195,12264.700195,0
2017-10-03,12302.900391,12302.900391,12302.900391,12302.900391,0
2017-10-04,12304.700195,12304.700195,12304.700195,12304.700195,0
2017-10-05,12338.900391,12338.900391,12338.900391,12338.900391,0
2017-10-06,12317.700195,12317.700195,12317.700195,12317.700195,0
2017-10-09,12294.0,12294.0,12294.0,12294.0,0
2017-10-10,12346.599609,12346.599609,12346.599609,12346.599609,0
2017-10-11,12362.099609,12362.099609,12362.099609,12362.099609,0
2017-10-12,12338.700195,12338.700195,12338.700195,12338.700195,0
2017-10-13,12352.0,12352.0,12352.0,12352.0,0
2017-10-16,12359.5,12359.5,12359.5,12359.5,0
2017-10-17,12350.0,12350.0,12350.0,12350.0,0
2017-10-18,12371.0,12371.0,12371.0,12371.0,0
2017-10-19,12380.299805,12380.299805,12380.299805,12380.299805,0
2017-10-20,12430.5,12430.5,12430.5,12430.5,0
2017-10-23,12384.400391,12384.400391,12384.400391,12384.400391,0
2017-10-24,12405.0,12405.0,12405.0,12405.0,0
2017-10-25,12336.599609,12336.599609,12336.599609,12336.599609,0
2017-10-26,12352.400391,12352.400391,12352.400391,12352.400391,0
2017-10-27,12366.400391,12366.400391,12366.400391,12366.400391,0
2017-10-30,12319.5,12319.5,12319.5,12319.5,0
2017-10-31,12341.0,12341.0,12341.0,12341.0,0
2017-11-01,12362.900391,12362.900391,12362.900391,12362.900391,0
2017-11-02,12373.0,12373.0,12373.0,12373.0,0
2017-11-03,12373.099609,12373.099609,12373.099609,12373.099609,0
2017-11-06,12400.900391,12400.900391,12400.900391,12400.900391,0
2017-11-07,12371.200195,12371.200195,12371.200195,12371.200195,0
2017-11-08,12384.700195,12384.700195,12384.700195,12384.700195,0
2017-11-09,12339.700195,12339.700195,12339.700195,12339.700195,0
2017-11-10,12322.599609,12322.599609,12322.599609,12322.599609,0
2017-11-13,12316.799805,12316.799805,12316.799805,12316.799805,0
2017-11-14,12280.099609,12280.099609,12280.099609,12280.099609,0
2017-11-15,12220.299805,12220.299805,12220.299805,12220.299805,0
2017-11-16,12303.299805,12303.299805,12303.299805,12303.299805,0
2017-11-17,12302.900391,12302.900391,12302.900391,12302.900391,0
2017-11-20,12320.799805,12320.799805,12320.799805,12320.799805,0
2017-11-21,12385.900391,12385.900391,12385.900391,12385.900391,0
2017-11-22,12390.799805,12390.799805,12390.799805,12390.799805,0
2017-11-24,12421.900391,12421.900391,12421.900391,12421.900391,0
2017-11-27,12390.799805,12390.799805,12390.799805,12390.799805,0
2017-11-28,12520.200195,12520.200195,12520.200195,12520.200195,0
2017-11-29,12561.299805,12561.299805,12561.299805,12561.299805,0
2017-11-30,12627.799805,12627.799805,12627.799805,12627.799805,0
2017-12-01,12614.599609,12614.599609,12614.599609,12614.599609,0
2017-12-04,12634.900391,12634.900391,12634.900391,12634.900391,0
2017-12-05,12567.200195,12567.200195,12567.200195,12567.200195,0
2017-12-06,12532.400391,12532.400391,12532.400391,12532.400391,0
2017-12-07,12569.0,12569.0,12569.0,12569.0,0
2017-12-08,12643.099609,12643.099609,12643.099609,12643.099609,0
2017-12-11,12668.200195,12668.200195,12668.200195,12668.200195,0
2017-12-12,12697.799805,12697.799805,12697.799805,12697.799805,0
2017-12-13,12699.5,12699.5,12699.5,12699.5,0
2017-12-14,12629.099609,12629.099609,12629.099609,12629.099609,0
2017-12-15,12699.700195,12699.700195,12699.700195,12699.700195,0
2017-12-18,12785.799805,12785.799805,12785.799805,12785.799805,0
2017-12-19,12747.5,12747.5,12747.5,12747.5,0
2017-12-20,12747.599609,12747.599609,12747.599609,12747.599609,0
2017-12-21,12800.200195,12800.200195,12800.200195,12800.200195,0
2017-12-22,12797.400391,12797.400391,12797.400391,12797.400391,0
2017-12-26,12808.900391,12808.900391,12808.900391,12808.900391,0
2017-12-27,12822.0,12822.0,12822.0,12822.0,0
2017-12-28,12853.099609,12853.099609,12853.099609,12853.099609,0
2017-12-29,12808.799805,12808.799805,12808.799805,12808.799805,0
2018-01-02,12902.700195,12902.700195,12902.700195,12902.700195,0
2018-01-03,12957.299805,12957.299805,12957.299805,12957.299805,0
2018-01-04,13028.5,13028.5,13028.5,13028.5,0
2018-01-05,13103.200195,13103.200195,13103.200195,13103.200195,0
2018-01-08,13114.299805,13114.299805,13114.299805,13114.299805,0
2018-01-09,13120.799805,13120.799805,13120.799805,13120.799805,0
2018-01-10,13106.599609,13106.599609,13106.599609,13106.599609,0
2018-01-11,13210.799805,13210.799805,13210.799805,13210.799805,0
2018-01-12,13294.299805,13294.299805,13294.299805,13294.299805,0
2018-01-16,13246.900391,13246.900391,13246.900391,13246.900391,0
2018-01-17,13352.400391,13352.400391,13352.400391,13352.400391,0
2018-01-18,13315.900391,13315.900391,13315.900391,13315.900391,0
2018-01-19,13384.5,13384.5,13384.5,13384.5,0
2018-01-22,13470.400391,13470.400391,13470.400391,13470.400391,0
2018-01-23,13474.099609,13474.099609,13474.099609,13474.099609,0
2018-01-24,13507.700195,13507.700195,13507.700195,13507.700195,0
2018-01-25,13512.700195,13512.700195,13512.700195,13512.700195,0
2018-01-26,13637.0,13637.0,13637.0,13637.0,0
2018-01-29,13524.700195,13524.700195,13524.700195,13524.700195,0
2018-01-30,13375.5,13375.5,13375.5,13375.5,0
2018-01-31,13368.0,13368.0,13368.0,13368.0,0
2018-02-01,13382.0,13382.0,13382.0,13382.0,0
2018-02-02,13085.299805,13085.299805,13085.299805,13085.299805,0
2018-02-05,12572.900391,12572.900391,12572.900391,12572.900391,0
2018-02-06,12745.5,12745.5,12745.5,12745.5,0
2018-02-07,12687.200195,12687.200195,12687.200195,12687.200195,0
2018-02-08,12270.599609,12270.599609,12270.599609,12270.599609,0
2018-02-09,12405.799805,12405.799805,12405.799805,12405.799805,0
2018-02-12,12560.099609,12560.099609,12560.099609,12560.099609,0
2018-02-13,12574.400391,12574.400391,12574.400391,12574.400391,0
2018-02-14,12746.700195,12746.700195,12746.700195,12746.700195,0
2018-02-15,12856.900391,12856.900391,12856.900391,12856.900391,0
2018-02-16,12874.400391,12874.400391,12874.400391,12874.400391,0
2018-02-20,12763.299805,12763.299805,12763.299805,12763.299805,0
2018-02-21,12695.5,12695.5,12695.5,12695.5,0
2018-02-22,12711.700195,12711.700195,12711.700195,12711.700195,0
2018-02-23,12884.099609,12884.099609,12884.099609,12884.099609,0
2018-02-26,12999.599609,12999.599609,12999.599609,12999.599609,0
2018-02-27,12819.200195,12819.200195,12819.200195,12819.200195,0
2018-02-28,12652.5,12652.5,12652.5,12652.5,0
2018-03-01,12518.700195,12518.700195,12518.700195,12518.700195,0
2018-03-02,12558.0,12558.0,12558.0,12558.0,0
2018-03-05,12680.700195,12680.700195,12680.700195,12680.700195,0
2018-03-06,12720.799805,12720.799805,12720.799805,12720.799805,0
2018-03-07,12707.0,12707.0,12707.0,12707.0,0
2018-03-08,12745.0,12745.0,12745.0,12745.0,0
2018-03-09,12918.799805,12918.799805,12918.799805,12918.799805,0
2018-03-12,12898.400391,12898.400391,12898.400391,12898.400391,0
2018-03-13,12831.799805,12831.799805,12831.799805,12831.799805,0
2018-03-14,12762.700195,12762.700195,12762.700195,12762.700195,0
2018-03-15,12743.599609,12743.599609,12743.599609,12743.599609,0
2018-03-16,12784.400391,12784.400391,12784.400391,12784.400391,0
2018-03-19,12651.5,12651.5,12651.5,12651.5,0
2018-03-20,12663.599609,12663.599609,12663.599609,12663.599609,0
2018-03-21,12683.700195,12683.700195,12683.700195,12683.700195,0
2018-03-22,12377.400391,12377.400391,12377.400391,12377.400391,0
2018-03-23,12177.700195,12177.700195,12177.700195,12177.700195,0
2018-03-26,12433.200195,12433.200195,12433.200195,12433.200195,0
2018-03-27,12302.5,12302.5,12302.5,12302.5,0
2018-03-28,12308.900391,12308.900391,12308.900391,12308.900391,0
2018-03-29,12452.099609,12452.099609,12452.099609,12452.099609,0
2018-04-02,12216.700195,12216.700195,12216.700195,12216.700195,0
2018-04-03,12367.099609,12367.099609,12367.099609,12367.099609,0
2018-04-04,12466.400391,12466.400391,12466.400391,12466.400391,0
2018-04-05,12571.900391,12571.900391,12571.900391,12571.900391,0
2018-04-06,12349.099609,12349.099609,12349.099609,12349.099609,0
2018-04-09,12380.5,12380.5,12380.5,12380.5,0
2018-04-10,12566.0,12566.0,12566.0,12566.0,0
2018-04-11,12514.599609,12514.599609,12514.599609,12514.599609,0
2018-04-12,12580.200195,12580.200195,12580.200195,12580.200195,0
2018-04-13,12546.0,12546.0,12546.0,12546.0,0
2018-04-16,12628.200195,12628.200195,12628.200195,12628.200195,0
2018-04-17,12705.799805,12705.799805,12705.799805,12705.799805,0
2018-04-18,12732.799805,12732.799805,12732.799805,12732.799805,0
2018-04-19,12671.5,12671.5,12671.5,12671.5,0
2018-04-20,12607.200195,12607.200195,12607.200195,12607.200195,0
2018-04-23,12610.799805,12610.799805,12610.799805,12610.799805,0
2018-04-24,12514.0,12514.0,12514.0,12514.0,0
2018-04-25,12517.900391,12517.900391,12517.900391,12517.900391,0
2018-04-26,12582.900391,12582.900391,12582.900391,12582.900391,0
2018-04-27,12594.0,12594.0,12594.0,12594.0,0
2018-04-30,12515.400391,12515.400391,12515.400391,12515.400391,0
2018-05-01,12493.0,12493.0,12493.0,12493.0,0
2018-05-02,12418.099609,12418.099609,12418.099609,12418.099609,0
2018-05-03,12392.5,12392.5,12392.5,12392.5,0
2018-05-04,12493.299805,12493.299805,12493.299805,12493.299805,0
2018-05-07,12519.799805,12519.799805,12519.799805,12519.799805,0
2018-05-08,12520.200195,12520.200195,12520.200195,12520.200195,0
2018-05-09,12632.5,12632.5,12632.5,12632.5,0
2018-05-10,12731.599609,12731.599609,12731.599609,12731.599609,0
2018-05-11,12761.799805,12761.799805,12761.799805,12761.799805,0
2018-05-14,12772.0,12772.0,12772.0,12772.0,0
2018-05-15,12704.599609,12704.599609,12704.599609,12704.599609,0
2018-05-16,12743.799805,12743.799805,12743.799805,12743.799805,0
2018-05-17,12747.799805,12747.799805,12747.799805,12747.799805,0
2018-05-18,12717.400391,12717.400391,12717.400391,12717.400391,0
2018-05-21,12804.0,12804.0,12804.0,12804.0,0
2018-05-22,12766.700195,12766.700195,12766.700195,12766.700195,0
2018-05-23,12743.400391,12743.400391,12743.400391,12743.400391,0
2018-05-24,12696.700195,12696.700195,12696.700195,12696.700195,0
2018-05-25,12634.900391,12634.900391,12634.900391,12634.900391,0
2018-05-29,12442.700195,12442.700195,12442.700195,12442.700195,0
2018-05-30,12625.900391,12625.900391,12625.900391,12625.900391,0
2018-05-31,12527.099609,12527.099609,12527.099609,12527.099609,0
2018-06-01,12620.799805,12620.799805,12620.799805,12620.799805,0
2018-06-04,12673.900391,12673.900391,12673.900391,12673.900391,0
2018-06-05,12658.700195,12658.700195,12658.700195,12658.700195,0
2018-06-06,12778.200195,12778.200195,12778.200195,12778.200195,0
2018-06-07,12788.5,12788.5,12788.5,12788.5,0
2018-06-08,12832.099609,12832.099609,12832.099609,12832.099609,0
2018-06-11,12857.0,12857.0,12857.0,12857.0,0
2018-06-12,12844.700195,12844.700195,12844.700195,12844.700195,0
2018-06-13,12785.5,12785.5,12785.5,12785.5,0
2018-06-14,12772.0,12772.0,12772.0,12772.0,0
2018-06-15,12734.599609,12734.599609,12734.599609,12734.599609,0
2018-06-18,12708.599609,12708.599609,12708.599609,12708.599609,0
2018-06-19,12639.0,12639.0,12639.0,12639.0,0
2018-06-20,12648.700195,12648.700195,12648.700195,12648.700195,0
2018-06-21,12560.200195,12560.200195,12560.200195,12560.200195,0
2018-06-22,12639.599609,12639.599609,12639.599609,12639.599609,0
2018-06-25,12481.599609,12481.599609,12481.599609,12481.599609,0
2018-06-26,12510.5,12510.5,12510.5,12510.5,0
2018-06-27,12412.099609,12412.099609,12412.099609,12412.099609,0
2018-06-28,12476.0,12476.0,12476.0,12476.0,0
2018-06-29,12504.299805,12504.299805,12504.299805,12504.299805,0
2018-07-02,12485.599609,12485.599609,12485.599609,12485.599609,0
2018-07-03,12494.700195,12494.700195,12494.700195,12494.700195,0
2018-07-05,12585.200195,12585.200195,12585.200195,12585.200195,0
2018-07-06,12664.900391,12664.900391,12664.900391,12664.900391,0
2018-07-09,12776.900391,12776.900391,12776.900391,12776.900391,0
2018-07-10,12814.599609,12814.599609,12814.599609,12814.599609,0
2018-07-11,12681.599609,12681.599609,12681.599609,12681.599609,0
2018-07-12,12761.5,12761.5,12761.5,12761.5,0
2018-07-13,12769.5,12769.5,12769.5,12769.5,0
2018-07-16,12748.799805,12748.799805,12748.799805,12748.799805,0
2018-07-17,12779.200195,12779.200195,12779.200195,12779.200195,0
2018-07-18,12823.200195,12823.200195,12823.200195,12823.200195,0
2018-07-19,12786.5,12786.5,12786.5,12786.5,0
2018-07-20,12789.900391,12789.900391,12789.900391,12789.900391,0
2018-07-23,12794.0,12794.0,12794.0,12794.0,0
2018-07-24,12847.5,12847.5,12847.5,12847.5,0
2018-07-25,12933.599609,12933.599609,12933.599609,12933.599609,0
2018-07-26,12953.400391,12953.400391,12953.400391,12953.400391,0
2018-07-27,12921.299805,12921.299805,12921.299805,12921.299805,0
2018-07-30,12903.400391,12903.400391,12903.400391,12903.400391,0
2018-07-31,12963.299805,12963.299805,12963.299805,12963.299805,0
2018-08-01,12902.400391,12902.400391,12902.400391,12902.400391,0
2018-08-02,12898.099609,12898.099609,12898.099609,12898.099609,0
2018-08-03,12953.299805,12953.299805,12953.299805,12953.299805,0
2018-08-06,12964.299805,12964.299805,12964.299805,12964.299805,0
2018-08-07,12999.599609,12999.599609,12999.599609,12999.599609,0
2018-08-08,12987.900391,12987.900391,12987.900391,12987.900391,0
2018-08-09,12956.700195,12956.700195,12956.700195,12956.700195,0
2018-08-10,12843.5,12843.5,12843.5,12843.5,0
2018-08-13,12763.700195,12763.700195,12763.700195,12763.700195,0
2018-08-14,12835.299805,12835.299805,12835.299805,12835.299805,0
2018-08-15,12723.099609,12723.099609,12723.099609,12723.099609,0
2018-08-16,12841.299805,12841.299805,12841.299805,12841.299805,0
2018-08-17,12908.299805,12908.299805,12908.299805,12908.299805,0
2018-08-20,12965.099609,12965.099609,12965.099609,12965.099609,0
2018-08-21,12996.799805,12996.799805,12996.799805,12996.799805,0
2018-08-22,12990.5,12990.5,12990.5,12990.5,0
2018-08-23,12933.5,12933.5,12933.5,12933.5,0
2018-08-24,12999.400391,12999.400391,12999.400391,12999.400391,0
2018-08-27,13102.0,13102.0,13102.0,13102.0,0
2018-08-28,13084.799805,13084.799805,13084.799805,13084.799805,0
2018-08-29,13132.200195,13132.200195,13132.200195,13132.200195,0
2018-08-30,13039.900391,13039.900391,13039.900391,13039.900391,0
2018-08-31,13016.900391,13016.900391,13016.900391,13016.900391,0
2018-09-04,12969.900391,12969.900391,12969.900391,12969.900391,0
2018-09-05,12968.5,12968.5,12968.5,12968.5,0
2018-09-06,12938.900391,12938.900391,12938.900391,12938.900391,0
2018-09-07,12911.099609,12911.099609,12911.099609,12911.099609,0
2018-09-10,12928.700195,12928.700195,12928.700195,12928.700195,0
2018-09-11,12952.299805,12952.299805,12952.299805,12952.299805,0
2018-09-12,12990.099609,12990.099609,12990.099609,12990.099609,0
2018-09-13,13034.599609,13034.599609,13034.599609,13034.599609,0
2018-09-14,13050.5,13050.5,13050.5,13050.5,0
2018-09-17,13031.900391,13031.900391,13031.900391,13031.900391,0
2018-09-18,13092.0,13092.0,13092.0,13092.0,0
2018-09-19,13122.0,13122.0,13122.0,13122.0,0
2018-09-20,13225.099609,13225.099609,13225.099609,13225.099609,0
2018-09-21,13236.400391,13236.400391,13236.400391,13236.400391,0
2018-09-24,13162.099609,13162.099609,13162.099609,13162.099609,0
2018-09-25,13160.599609,13160.599609,13160.599609,13160.599609,0
2018-09-26,13102.0,13102.0,13102.0,13102.0,0
2018-09-27,13105.700195,13105.700195,13105.700195,13105.700195,0
2018-09-28,13082.5,13082.5,13082.5,13082.5,0
2018-10-01,13125.400391,13125.400391,13125.400391,13125.400391,0
2018-10-02,13106.0,13106.0,13106.0,13106.0,0
2018-10-03,13118.5,13118.5,13118.5,13118.5,0
2018-10-04,13042.299805,13042.299805,13042.299805,13042.299805,0
2018-10-05,12991.900391,12991.900391,12991.900391,12991.900391,0
2018-10-08,13000.099609,13000.099609,13000.099609,13000.099609,0
2018-10-09,12960.5,12960.5,12960.5,12960.5,0
2018-10-10,12622.099609,12622.099609,12622.099609,12622.099609,0
2018-10-11,12349.5,12349.5,12349.5,12349.5,0
2018-10-12,12439.400391,12439.400391,12439.400391,12439.400391,0
2018-10-15,12425.700195,12425.700195,12425.700195,12425.700195,0
2018-10-16,12645.900391,12645.900391,12645.900391,12645.900391,0
2018-10-17,12613.099609,12613.099609,12613.099609,12613.099609,0
2018-10-18,12445.5,12445.5,12445.5,12445.5,0
2018-10-19,12457.299805,12457.299805,12457.299805,12457.299805,0
2018-10-22,12374.799805,12374.799805,12374.799805,12374.799805,0
2018-10-23,12287.400391,12287.400391,12287.400391,12287.400391,0
2018-10-24,11969.700195,11969.700195,11969.700195,11969.700195,0
2018-10-25,12118.799805,12118.799805,12118.799805,12118.799805,0
2018-10-26,11976.900391,11976.900391,11976.900391,11976.900391,0
2018-10-29,11942.5,11942.5,11942.5,11942.5,0
2018-10-30,12129.900391,12129.900391,12129.900391,12129.900391,0
2018-10-31,12208.099609,12208.099609,12208.099609,12208.099609,0
2018-11-01,12356.5,12356.5,12356.5,12356.5,0
2018-11-02,12321.799805,12321.799805,12321.799805,12321.799805,0
2018-11-05,12424.299805,12424.299805,12424.299805,12424.299805,0
2018-11-06,12480.099609,12480.099609,12480.099609,12480.099609,0
2018-11-07,12679.099609,12679.099609,12679.099609,12679.099609,0
2018-11-08,12622.0,12622.0,12622.0,12622.0,0
2018-11-09,12537.5,12537.5,12537.5,12537.5,0
2018-11-12,12343.5,12343.5,12343.5,12343.5,0
2018-11-13,12328.299805,12328.299805,12328.299805,12328.299805,0
2018-11-14,12275.5,12275.5,12275.5,12275.5,0
2018-11-15,12361.5,12361.5,12361.5,12361.5,0
2018-11-16,12400.299805,12400.299805,12400.299805,12400.299805,0
2018-11-19,12280.900391,12280.900391,12280.900391,12280.900391,0
2018-11-20,12048.700195,12048.700195,12048.700195,12048.700195,0
2018-11-21,12123.299805,12123.299805,12123.299805,12123.299805,0
2018-11-23,12036.200195,12036.200195,12036.200195,12036.200195,0
2018-11-26,12181.599609,12181.599609,12181.599609,12181.599609,0
2018-11-27,12188.099609,12188.099609,12188.099609,12188.099609,0
2018-11-28,12417.599609,12417.599609,12417.599609,12417.599609,0
2018-11-29,12389.400391,12389.400391,12389.400391,12389.400391,0
2018-11-30,12457.5,12457.5,12457.5,12457.5,0
2018-12-03,12577.5,12577.5,12577.5,12577.5,0
2018-12-04,12222.0,12222.0,12222.0,12222.0,0
2018-12-06,12144.400391,12144.400391,12144.400391,12144.400391,0
2018-12-07,11941.900391,11941.900391,11941.900391,11941.900391,0
2018-12-10,11889.299805,11889.299805,11889.299805,11889.299805,0
2018-12-11,11860.700195,11860.700195,11860.700195,11860.700195,0
2018-12-12,11943.299805,11943.299805,11943.299805,11943.299805,0
2018-12-13,11936.200195,11936.200195,11936.200195,11936.200195,0
2018-12-14,11755.400391,11755.400391,11755.400391,11755.400391,0
2018-12-17,11532.099609,11532.099609,11532.099609,11532.099609,0
2018-12-18,11502.200195,11502.200195,11502.200195,11502.200195,0
2018-12-19,11371.799805,11371.799805,11371.799805,11371.799805,0
2018-12-20,11222.799805,11222.799805,11222.799805,11222.799805,0
2018-12-21,11036.799805,11036.799805,11036.799805,11036.799805,0
2018-12-24,10769.799805,10769.799805,10769.799805,10769.799805,0
2018-12-26,11204.099609,11204.099609,11204.099609,11204.099609,0
2018-12-27,11285.299805,11285.299805,11285.299805,11285.299805,0
2018-12-28,11291.0,11291.0,11291.0,11291.0,0
2018-12-31,11374.400391,11374.400391,11374.400391,11374.400391,0
2019-01-02,11383.5,11383.5,11383.5,11383.5,0
2019-01-03,11190.400391,11190.400391,11190.400391,11190.400391,0
2019-01-07,11606.0,11606.0,11606.0,11606.0,0
2019-01-08,11716.200195,11716.200195,11716.200195,11716.200195,0
2019-01-09,11778.400391,11778.400391,11778.400391,11778.400391,0
2019-01-10,11839.299805,11839.299805,11839.299805,11839.299805,0
2019-01-11,11848.0,11848.0,11848.0,11848.0,0
2019-01-14,11799.099609,11799.099609,11799.099609,11799.099609,0
2019-01-15,11868.700195,11868.700195,11868.700195,11868.700195,0
2019-01-16,11907.599609,11907.599609,11907.599609,11907.599609,0
2019-01-17,11994.5,11994.5,11994.5,11994.5,0
2019-01-18,12151.799805,12151.799805,12151.799805,12151.799805,0
2019-01-22,11999.400391,11999.400391,11999.400391,11999.400391,0
2019-01-23,12020.900391,12020.900391,12020.900391,12020.900391,0
2019-01-24,12029.5,12029.5,12029.5,12029.5,0
2019-01-25,12127.200195,12127.200195,12127.200195,12127.200195,0
2019-01-28,12065.099609,12065.099609,12065.099609,12065.099609,0
2019-01-29,12090.799805,12090.799805,12090.799805,12090.799805,0
2019-01-30,12222.400391,12222.400391,12222.400391,12222.400391,0
2019-01-31,12299.0,12299.0,12299.0,12299.0,0
2019-02-01,12329.700195,12329.700195,12329.700195,12329.700195,0
2019-02-04,12381.799805,12381.799805,12381.799805,12381.799805,0
2019-02-05,12428.299805,12428.299805,12428.299805,12428.299805,0
2019-02-06,12398.700195,12398.700195,12398.700195,12398.700195,0
2019-02-07,12295.200195,12295.200195,12295.200195,12295.200195,0
2019-02-08,12292.099609,12292.099609,12292.099609,12292.099609,0
2019-02-11,12297.900391,12297.900391,12297.900391,12297.900391,0
2019-02-12,12438.400391,12438.400391,12438.400391,12438.400391,0
2019-02-13,12474.900391,12474.900391,12474.900391,12474.900391,0
2019-02-14,12440.200195,12440.200195,12440.200195,12440.200195,0
2019-02-15,12603.5,12603.5,12603.5,12603.5,0
2019-02-20,12673.700195,12673.700195,12673.700195,12673.700195,0
2019-02-21,12621.799805,12621.799805,12621.799805,12621.799805,0
2019-02-22,12694.5,12694.5,12694.5,12694.5,0
2019-02-25,12700.200195,12700.200195,12700.200195,12700.200195,0
2019-02-26,12686.599609,12686.599609,12686.599609,12686.599609,0
2019-02-27,12689.900391,12689.900391,12689.900391,12689.900391,0
2019-02-28,12644.799805,12644.799805,12644.799805,12644.799805,0
2019-03-01,12700.700195,12700.700195,12700.700195,12700.700195,0
2019-03-04,12637.299805,12637.299805,12637.299805,12637.299805,0
2019-03-05,12624.5,12624.5,12624.5,12624.5,0
2019-03-06,12538.0,12538.0,12538.0,12538.0,0
2019-03-07,12443.400391,12443.400391,12443.400391,12443.400391,0
2019-03-08,12415.099609,12415.099609,12415.099609,12415.099609,0
2019-03-11,12561.299805,12561.299805,12561.299805,12561.299805,0
2019-03-12,12582.799805,12582.799805,12582.799805,12582.799805,0
2019-03-13,12674.299805,12674.299805,12674.299805,12674.299805,0
2019-03-14,12660.200195,12660.200195,12660.200195,12660.200195,0
2019-03-15,12715.799805,12715.799805,12715.799805,12715.799805,0
2019-03-19,12760.799805,12760.799805,12760.799805,12760.799805,0
